<?xml version="1.0" encoding="UTF-8" standalone="yes"?>
<library-item xmlns="http://spotfire.tibco.com/ws/2008/12/library">
    <title>library</title>
    <item-type>
        <label>folder</label>
        <label-prefix>spotfire</label-prefix>
        <is-container>true</is-container>
    </item-type>
    <format-version>29.2.0.100</format-version>
    <created>2015-08-28T09:16:46.530+01:00</created>
    <modified>2015-08-28T09:16:46.530+01:00</modified>
    <children>
        <library-item>
            <id>ed2fc01f-5200-44d2-bfe3-ef1b2ec6df9b</id>
            <title>Information Package</title>
            <item-type>
                <label>folder</label>
                <label-prefix>spotfire</label-prefix>
                <is-container>true</is-container>
            </item-type>
            <created-by>Netanserver01@SPOTFIRE</created-by>
            <created>2015-06-18T12:52:18.000Z</created>
            <modified-by>Netanserver01@SPOTFIRE</modified-by>
            <modified>2015-08-24T10:23:26.000Z</modified>
            <accessed>2015-06-30T14:27:04.000Z</accessed>
            <properties/>
            <keywords/>
            <children>
                <library-item>
                    <id>3111944e-f0c1-4eab-8c24-2bd89c438682</id>
                    <title>Columns</title>
                    <item-type>
                        <label>folder</label>
                        <label-prefix>spotfire</label-prefix>
                        <is-container>true</is-container>
                    </item-type>
                    <created-by>Netanserver01@SPOTFIRE</created-by>
                    <created>2015-06-18T12:54:22.000Z</created>
                    <modified-by>Netanserver01@SPOTFIRE</modified-by>
                    <modified>2015-08-24T10:23:26.000Z</modified>
                    <accessed>2015-06-30T14:27:04.000Z</accessed>
                    <properties/>
                    <keywords/>
                    <children>
                        <library-item>
                            <id>1f6fcd1a-0eca-4a24-9a8d-23261e1209ba</id>
                            <title>EVENT_E_LTE_CFA_HIER321_EVENTID_ERR</title>
                            <item-type>
<label>folder</label>
<label-prefix>spotfire</label-prefix>
<is-container>true</is-container>
                            </item-type>
                            <created-by>Netanserver01@SPOTFIRE</created-by>
                            <created>2015-06-18T13:14:33.000Z</created>
                            <modified-by>Netanserver01@SPOTFIRE</modified-by>
                            <modified>2015-08-24T10:23:26.000Z</modified>
                            <accessed>2015-06-30T14:27:04.000Z</accessed>
                            <properties/>
                            <keywords/>
                            <children>
<library-item>
    <id>298035dd-6128-49de-9e4b-a4bf984102d8</id>
    <title>HIER321_ID</title>
    <item-type>
        <label>column</label>
        <label-prefix>spotfire</label-prefix>
        <is-container>false</is-container>
    </item-type>
    <created-by>Netanserver01@SPOTFIRE</created-by>
    <created>2015-06-18T13:14:37.000Z</created>
    <modified-by>Netanserver01@SPOTFIRE</modified-by>
    <modified>2015-08-24T10:23:25.000Z</modified>
    <accessed>2015-08-28T08:05:49.000Z</accessed>
    <properties>
        <property>
            <name>column</name>
            <value>HIER321_ID</value>
        </property>
        <property>
            <name>table</name>
            <value>EVENT_E_LTE_CFA_HIER321_EVENTID_ERR_15MIN</value>
        </property>
        <property>
            <name>datatype</name>
            <value>longinteger</value>
        </property>
    </properties>
    <keywords/>
    <dependencies>
        <dependency>
            <requiredid>3c54e453-4ce3-4438-84d6-36d69639631d</requiredid>
            <description>Data source required by this column</description>
            <cascading-delete>false</cascading-delete>
        </dependency>
    </dependencies>
    <hidden>false</hidden>
</library-item>
<library-item>
    <id>66f52129-91e7-4a28-9a41-5887591804a9</id>
    <title>NO_OF_ERRORS</title>
    <item-type>
        <label>column</label>
        <label-prefix>spotfire</label-prefix>
        <is-container>false</is-container>
    </item-type>
    <created-by>Netanserver01@SPOTFIRE</created-by>
    <created>2015-06-18T13:14:37.000Z</created>
    <modified-by>Netanserver01@SPOTFIRE</modified-by>
    <modified>2015-08-24T10:23:25.000Z</modified>
    <accessed>2015-08-28T08:05:49.000Z</accessed>
    <properties>
        <property>
            <name>column</name>
            <value>NO_OF_ERRORS</value>
        </property>
        <property>
            <name>table</name>
            <value>EVENT_E_LTE_CFA_HIER321_EVENTID_ERR_15MIN</value>
        </property>
        <property>
            <name>datatype</name>
            <value>longinteger</value>
        </property>
    </properties>
    <keywords/>
    <dependencies>
        <dependency>
            <requiredid>3c54e453-4ce3-4438-84d6-36d69639631d</requiredid>
            <description>Data source required by this column</description>
            <cascading-delete>false</cascading-delete>
        </dependency>
    </dependencies>
    <hidden>false</hidden>
</library-item>
<library-item>
    <id>ad9e9636-7a2e-40b5-83a2-b57fee5523e6</id>
    <title>DATETIME_ID</title>
    <item-type>
        <label>column</label>
        <label-prefix>spotfire</label-prefix>
        <is-container>false</is-container>
    </item-type>
    <created-by>Netanserver01@SPOTFIRE</created-by>
    <created>2015-06-18T13:14:37.000Z</created>
    <modified-by>Netanserver01@SPOTFIRE</modified-by>
    <modified>2015-08-24T10:23:25.000Z</modified>
    <accessed>2015-08-28T08:05:49.000Z</accessed>
    <properties>
        <property>
            <name>column</name>
            <value>DATETIME_ID</value>
        </property>
        <property>
            <name>table</name>
            <value>EVENT_E_LTE_CFA_HIER321_EVENTID_ERR_15MIN</value>
        </property>
        <property>
            <name>datatype</name>
            <value>datetime</value>
        </property>
    </properties>
    <keywords/>
    <dependencies>
        <dependency>
            <requiredid>3c54e453-4ce3-4438-84d6-36d69639631d</requiredid>
            <description>Data source required by this column</description>
            <cascading-delete>false</cascading-delete>
        </dependency>
    </dependencies>
    <hidden>false</hidden>
</library-item>
<library-item>
    <id>d6694575-33fa-4ac8-8695-e1d112b59a18</id>
    <title>EVENT_ID</title>
    <item-type>
        <label>column</label>
        <label-prefix>spotfire</label-prefix>
        <is-container>false</is-container>
    </item-type>
    <created-by>Netanserver01@SPOTFIRE</created-by>
    <created>2015-06-18T13:14:37.000Z</created>
    <modified-by>Netanserver01@SPOTFIRE</modified-by>
    <modified>2015-08-24T10:23:26.000Z</modified>
    <accessed>2015-08-28T08:05:49.000Z</accessed>
    <properties>
        <property>
            <name>column</name>
            <value>EVENT_ID</value>
        </property>
        <property>
            <name>table</name>
            <value>EVENT_E_LTE_CFA_HIER321_EVENTID_ERR_15MIN</value>
        </property>
        <property>
            <name>datatype</name>
            <value>integer</value>
        </property>
    </properties>
    <keywords/>
    <dependencies>
        <dependency>
            <requiredid>3c54e453-4ce3-4438-84d6-36d69639631d</requiredid>
            <description>Data source required by this column</description>
            <cascading-delete>false</cascading-delete>
        </dependency>
    </dependencies>
    <hidden>false</hidden>
</library-item>
                            </children>
                            <hidden>false</hidden>
                        </library-item>
                        <library-item>
                            <id>67b322a6-7dce-4ff8-81a5-2c2f500e5fcf</id>
                            <title>DIM_E_LTE_CFA_CAUSE_CODE</title>
                            <item-type>
<label>folder</label>
<label-prefix>spotfire</label-prefix>
<is-container>true</is-container>
                            </item-type>
                            <created-by>Netanserver01@SPOTFIRE</created-by>
                            <created>2015-06-18T15:47:29.000Z</created>
                            <modified-by>Netanserver01@SPOTFIRE</modified-by>
                            <modified>2015-08-24T10:23:25.000Z</modified>
                            <accessed>2015-06-30T14:27:04.000Z</accessed>
                            <properties/>
                            <keywords/>
                            <children>
<library-item>
    <id>2bafedb2-a8bf-4f5b-918f-8c44b6f99966</id>
    <title>CAUSE_CODE_DESC_PIE</title>
    <item-type>
        <label>column</label>
        <label-prefix>spotfire</label-prefix>
        <is-container>false</is-container>
    </item-type>
    <created-by>Netanserver01@SPOTFIRE</created-by>
    <created>2015-06-18T15:47:32.000Z</created>
    <modified-by>Netanserver01@SPOTFIRE</modified-by>
    <modified>2015-08-24T10:23:25.000Z</modified>
    <accessed>2015-08-28T08:10:54.000Z</accessed>
    <properties>
        <property>
            <name>column</name>
            <value>CAUSE_CODE_DESC_PIE</value>
        </property>
        <property>
            <name>table</name>
            <value>DIM_E_LTE_CFA_CAUSE_CODE</value>
        </property>
        <property>
            <name>datatype</name>
            <value>string</value>
        </property>
    </properties>
    <keywords/>
    <dependencies>
        <dependency>
            <requiredid>3c54e453-4ce3-4438-84d6-36d69639631d</requiredid>
            <description>Data source required by this column</description>
            <cascading-delete>false</cascading-delete>
        </dependency>
    </dependencies>
    <hidden>false</hidden>
</library-item>
<library-item>
    <id>6404cb54-38f3-470d-b2a2-7a9ffd7a1eff</id>
    <title>CAUSE_CODE</title>
    <item-type>
        <label>column</label>
        <label-prefix>spotfire</label-prefix>
        <is-container>false</is-container>
    </item-type>
    <created-by>Netanserver01@SPOTFIRE</created-by>
    <created>2015-06-18T15:47:32.000Z</created>
    <modified-by>Netanserver01@SPOTFIRE</modified-by>
    <modified>2015-08-24T10:23:25.000Z</modified>
    <accessed>2015-08-28T08:10:54.000Z</accessed>
    <properties>
        <property>
            <name>column</name>
            <value>CAUSE_CODE</value>
        </property>
        <property>
            <name>table</name>
            <value>DIM_E_LTE_CFA_CAUSE_CODE</value>
        </property>
        <property>
            <name>datatype</name>
            <value>integer</value>
        </property>
    </properties>
    <keywords/>
    <dependencies>
        <dependency>
            <requiredid>3c54e453-4ce3-4438-84d6-36d69639631d</requiredid>
            <description>Data source required by this column</description>
            <cascading-delete>false</cascading-delete>
        </dependency>
    </dependencies>
    <hidden>false</hidden>
</library-item>
<library-item>
    <id>a62e304a-3d22-40dc-84b6-7c9079f4f596</id>
    <title>EVENT_ID</title>
    <item-type>
        <label>column</label>
        <label-prefix>spotfire</label-prefix>
        <is-container>false</is-container>
    </item-type>
    <created-by>Netanserver01@SPOTFIRE</created-by>
    <created>2015-06-18T15:47:32.000Z</created>
    <modified-by>Netanserver01@SPOTFIRE</modified-by>
    <modified>2015-08-24T10:23:25.000Z</modified>
    <accessed>2015-08-28T08:10:54.000Z</accessed>
    <properties>
        <property>
            <name>column</name>
            <value>EVENT_ID</value>
        </property>
        <property>
            <name>table</name>
            <value>DIM_E_LTE_CFA_CAUSE_CODE</value>
        </property>
        <property>
            <name>datatype</name>
            <value>integer</value>
        </property>
    </properties>
    <keywords/>
    <dependencies>
        <dependency>
            <requiredid>3c54e453-4ce3-4438-84d6-36d69639631d</requiredid>
            <description>Data source required by this column</description>
            <cascading-delete>false</cascading-delete>
        </dependency>
    </dependencies>
    <hidden>false</hidden>
</library-item>
<library-item>
    <id>c4e4677c-a1a8-470c-9661-f138235c90fe</id>
    <title>CAUSE_CODE_DESC</title>
    <item-type>
        <label>column</label>
        <label-prefix>spotfire</label-prefix>
        <is-container>false</is-container>
    </item-type>
    <created-by>Netanserver01@SPOTFIRE</created-by>
    <created>2015-06-18T15:47:32.000Z</created>
    <modified-by>Netanserver01@SPOTFIRE</modified-by>
    <modified>2015-08-24T10:23:25.000Z</modified>
    <accessed>2015-08-28T08:10:54.000Z</accessed>
    <properties>
        <property>
            <name>column</name>
            <value>CAUSE_CODE_DESC</value>
        </property>
        <property>
            <name>table</name>
            <value>DIM_E_LTE_CFA_CAUSE_CODE</value>
        </property>
        <property>
            <name>datatype</name>
            <value>string</value>
        </property>
    </properties>
    <keywords/>
    <dependencies>
        <dependency>
            <requiredid>3c54e453-4ce3-4438-84d6-36d69639631d</requiredid>
            <description>Data source required by this column</description>
            <cascading-delete>false</cascading-delete>
        </dependency>
    </dependencies>
    <hidden>false</hidden>
</library-item>
                            </children>
                            <hidden>false</hidden>
                        </library-item>
                        <library-item>
                            <id>9ade1a14-8166-49eb-9ddf-37433699f988</id>
                            <title>DIM_E_LTE_CFA_EVENTTYPE</title>
                            <item-type>
<label>folder</label>
<label-prefix>spotfire</label-prefix>
<is-container>true</is-container>
                            </item-type>
                            <created-by>Netanserver01@SPOTFIRE</created-by>
                            <created>2015-06-18T13:16:21.000Z</created>
                            <modified-by>Netanserver01@SPOTFIRE</modified-by>
                            <modified>2015-08-24T10:23:26.000Z</modified>
                            <accessed>2015-06-30T14:27:04.000Z</accessed>
                            <properties/>
                            <keywords/>
                            <children>
<library-item>
    <id>6c0c6b3f-862a-42a4-8c76-7d596c34a883</id>
    <title>EVENT_ID_DESC</title>
    <item-type>
        <label>column</label>
        <label-prefix>spotfire</label-prefix>
        <is-container>false</is-container>
    </item-type>
    <created-by>Netanserver01@SPOTFIRE</created-by>
    <created>2015-06-18T13:16:25.000Z</created>
    <modified-by>Netanserver01@SPOTFIRE</modified-by>
    <modified>2015-08-24T10:23:25.000Z</modified>
    <accessed>2015-08-28T08:10:48.000Z</accessed>
    <properties>
        <property>
            <name>column</name>
            <value>EVENT_ID_DESC</value>
        </property>
        <property>
            <name>table</name>
            <value>DIM_E_LTE_CFA_EVENTTYPE</value>
        </property>
        <property>
            <name>datatype</name>
            <value>string</value>
        </property>
    </properties>
    <keywords/>
    <dependencies>
        <dependency>
            <requiredid>3c54e453-4ce3-4438-84d6-36d69639631d</requiredid>
            <description>Data source required by this column</description>
            <cascading-delete>false</cascading-delete>
        </dependency>
    </dependencies>
    <hidden>false</hidden>
</library-item>
<library-item>
    <id>c1ead0ce-f2c2-406e-9ff5-5ac71cfec7ad</id>
    <title>CATEGORY_ID_DESC</title>
    <item-type>
        <label>column</label>
        <label-prefix>spotfire</label-prefix>
        <is-container>false</is-container>
    </item-type>
    <created-by>Netanserver01@SPOTFIRE</created-by>
    <created>2015-06-18T13:16:25.000Z</created>
    <modified-by>Netanserver01@SPOTFIRE</modified-by>
    <modified>2015-08-24T10:23:25.000Z</modified>
    <accessed>2015-08-28T08:10:48.000Z</accessed>
    <properties>
        <property>
            <name>column</name>
            <value>CATEGORY_ID_DESC</value>
        </property>
        <property>
            <name>table</name>
            <value>DIM_E_LTE_CFA_EVENTTYPE</value>
        </property>
        <property>
            <name>datatype</name>
            <value>string</value>
        </property>
    </properties>
    <keywords/>
    <dependencies>
        <dependency>
            <requiredid>3c54e453-4ce3-4438-84d6-36d69639631d</requiredid>
            <description>Data source required by this column</description>
            <cascading-delete>false</cascading-delete>
        </dependency>
    </dependencies>
    <hidden>false</hidden>
</library-item>
<library-item>
    <id>efffef0c-94f2-4b81-bddd-863282c05f96</id>
    <title>EVENT_ID</title>
    <item-type>
        <label>column</label>
        <label-prefix>spotfire</label-prefix>
        <is-container>false</is-container>
    </item-type>
    <created-by>Netanserver01@SPOTFIRE</created-by>
    <created>2015-06-18T13:16:25.000Z</created>
    <modified-by>Netanserver01@SPOTFIRE</modified-by>
    <modified>2015-08-24T10:23:26.000Z</modified>
    <accessed>2015-08-28T08:10:48.000Z</accessed>
    <properties>
        <property>
            <name>column</name>
            <value>EVENT_ID</value>
        </property>
        <property>
            <name>table</name>
            <value>DIM_E_LTE_CFA_EVENTTYPE</value>
        </property>
        <property>
            <name>datatype</name>
            <value>integer</value>
        </property>
    </properties>
    <keywords/>
    <dependencies>
        <dependency>
            <requiredid>3c54e453-4ce3-4438-84d6-36d69639631d</requiredid>
            <description>Data source required by this column</description>
            <cascading-delete>false</cascading-delete>
        </dependency>
    </dependencies>
    <hidden>false</hidden>
</library-item>
                            </children>
                            <hidden>false</hidden>
                        </library-item>
                        <library-item>
                            <id>b15c96aa-612a-4e8e-9bfc-2a48a9ad4f50</id>
                            <title>EVENT_E_LTE_CFA_HIER3_CC_ERR</title>
                            <item-type>
<label>folder</label>
<label-prefix>spotfire</label-prefix>
<is-container>true</is-container>
                            </item-type>
                            <created-by>Netanserver01@SPOTFIRE</created-by>
                            <created>2015-06-18T15:49:13.000Z</created>
                            <modified-by>Netanserver01@SPOTFIRE</modified-by>
                            <modified>2015-08-24T10:23:26.000Z</modified>
                            <accessed>2015-06-30T14:27:04.000Z</accessed>
                            <properties/>
                            <keywords/>
                            <children>
<library-item>
    <id>311ee529-bf0a-4635-8ec7-a517273e1ddd</id>
    <title>DATETIME_ID</title>
    <item-type>
        <label>column</label>
        <label-prefix>spotfire</label-prefix>
        <is-container>false</is-container>
    </item-type>
    <created-by>Netanserver01@SPOTFIRE</created-by>
    <created>2015-06-18T15:49:15.000Z</created>
    <modified-by>Netanserver01@SPOTFIRE</modified-by>
    <modified>2015-08-24T10:23:25.000Z</modified>
    <accessed>2015-08-28T08:09:53.000Z</accessed>
    <properties>
        <property>
            <name>column</name>
            <value>DATETIME_ID</value>
        </property>
        <property>
            <name>table</name>
            <value>EVENT_E_LTE_CFA_HIER3_CC_ERR_15MIN</value>
        </property>
        <property>
            <name>datatype</name>
            <value>datetime</value>
        </property>
    </properties>
    <keywords/>
    <dependencies>
        <dependency>
            <requiredid>3c54e453-4ce3-4438-84d6-36d69639631d</requiredid>
            <description>Data source required by this column</description>
            <cascading-delete>false</cascading-delete>
        </dependency>
    </dependencies>
    <hidden>false</hidden>
</library-item>
<library-item>
    <id>541528e1-4251-4000-9fa2-e9b488d590d6</id>
    <title>HIER3_ID</title>
    <item-type>
        <label>column</label>
        <label-prefix>spotfire</label-prefix>
        <is-container>false</is-container>
    </item-type>
    <created-by>Netanserver01@SPOTFIRE</created-by>
    <created>2015-06-18T15:49:15.000Z</created>
    <modified-by>Netanserver01@SPOTFIRE</modified-by>
    <modified>2015-08-24T10:23:25.000Z</modified>
    <accessed>2015-08-28T08:09:53.000Z</accessed>
    <properties>
        <property>
            <name>column</name>
            <value>HIER3_ID</value>
        </property>
        <property>
            <name>table</name>
            <value>EVENT_E_LTE_CFA_HIER3_CC_ERR_15MIN</value>
        </property>
        <property>
            <name>datatype</name>
            <value>longinteger</value>
        </property>
    </properties>
    <keywords/>
    <dependencies>
        <dependency>
            <requiredid>3c54e453-4ce3-4438-84d6-36d69639631d</requiredid>
            <description>Data source required by this column</description>
            <cascading-delete>false</cascading-delete>
        </dependency>
    </dependencies>
    <hidden>false</hidden>
</library-item>
<library-item>
    <id>9510422b-f507-46b4-8e9e-7a8ff7af9e75</id>
    <title>EVENT_ID</title>
    <item-type>
        <label>column</label>
        <label-prefix>spotfire</label-prefix>
        <is-container>false</is-container>
    </item-type>
    <created-by>Netanserver01@SPOTFIRE</created-by>
    <created>2015-06-18T15:49:15.000Z</created>
    <modified-by>Netanserver01@SPOTFIRE</modified-by>
    <modified>2015-08-24T10:23:25.000Z</modified>
    <accessed>2015-08-28T08:09:53.000Z</accessed>
    <properties>
        <property>
            <name>column</name>
            <value>EVENT_ID</value>
        </property>
        <property>
            <name>table</name>
            <value>EVENT_E_LTE_CFA_HIER3_CC_ERR_15MIN</value>
        </property>
        <property>
            <name>datatype</name>
            <value>integer</value>
        </property>
    </properties>
    <keywords/>
    <dependencies>
        <dependency>
            <requiredid>3c54e453-4ce3-4438-84d6-36d69639631d</requiredid>
            <description>Data source required by this column</description>
            <cascading-delete>false</cascading-delete>
        </dependency>
    </dependencies>
    <hidden>false</hidden>
</library-item>
<library-item>
    <id>a37f43f1-7dee-46c0-b790-bfa287144601</id>
    <title>CAUSE_CODE</title>
    <item-type>
        <label>column</label>
        <label-prefix>spotfire</label-prefix>
        <is-container>false</is-container>
    </item-type>
    <created-by>Netanserver01@SPOTFIRE</created-by>
    <created>2015-06-18T15:49:15.000Z</created>
    <modified-by>Netanserver01@SPOTFIRE</modified-by>
    <modified>2015-08-24T10:23:25.000Z</modified>
    <accessed>2015-08-28T08:09:53.000Z</accessed>
    <properties>
        <property>
            <name>column</name>
            <value>CAUSE_CODE</value>
        </property>
        <property>
            <name>table</name>
            <value>EVENT_E_LTE_CFA_HIER3_CC_ERR_15MIN</value>
        </property>
        <property>
            <name>datatype</name>
            <value>integer</value>
        </property>
    </properties>
    <keywords/>
    <dependencies>
        <dependency>
            <requiredid>3c54e453-4ce3-4438-84d6-36d69639631d</requiredid>
            <description>Data source required by this column</description>
            <cascading-delete>false</cascading-delete>
        </dependency>
    </dependencies>
    <hidden>false</hidden>
</library-item>
<library-item>
    <id>c6681544-b252-4762-92c2-db45b38ae91f</id>
    <title>NO_OF_ERRORS</title>
    <item-type>
        <label>column</label>
        <label-prefix>spotfire</label-prefix>
        <is-container>false</is-container>
    </item-type>
    <created-by>Netanserver01@SPOTFIRE</created-by>
    <created>2015-06-18T15:49:15.000Z</created>
    <modified-by>Netanserver01@SPOTFIRE</modified-by>
    <modified>2015-08-24T10:23:26.000Z</modified>
    <accessed>2015-08-28T08:09:53.000Z</accessed>
    <properties>
        <property>
            <name>column</name>
            <value>NO_OF_ERRORS</value>
        </property>
        <property>
            <name>table</name>
            <value>EVENT_E_LTE_CFA_HIER3_CC_ERR_15MIN</value>
        </property>
        <property>
            <name>datatype</name>
            <value>longinteger</value>
        </property>
    </properties>
    <keywords/>
    <dependencies>
        <dependency>
            <requiredid>3c54e453-4ce3-4438-84d6-36d69639631d</requiredid>
            <description>Data source required by this column</description>
            <cascading-delete>false</cascading-delete>
        </dependency>
    </dependencies>
    <hidden>false</hidden>
</library-item>
                            </children>
                            <hidden>false</hidden>
                        </library-item>
                        <library-item>
                            <id>b6d68e11-1e07-46dd-8267-326c93a62314</id>
                            <title>DIM_E_LTE_HIER321</title>
                            <item-type>
<label>folder</label>
<label-prefix>spotfire</label-prefix>
<is-container>true</is-container>
                            </item-type>
                            <created-by>Netanserver01@SPOTFIRE</created-by>
                            <created>2015-06-18T13:18:17.000Z</created>
                            <modified-by>Netanserver01@SPOTFIRE</modified-by>
                            <modified>2015-08-24T10:23:25.000Z</modified>
                            <accessed>2015-06-30T14:27:04.000Z</accessed>
                            <properties/>
                            <keywords/>
                            <children>
<library-item>
    <id>0ce6badd-c090-42ed-b5ea-de090711f2ff</id>
    <title>HIERARCHY_3</title>
    <item-type>
        <label>column</label>
        <label-prefix>spotfire</label-prefix>
        <is-container>false</is-container>
    </item-type>
    <created-by>Netanserver01@SPOTFIRE</created-by>
    <created>2015-06-18T13:18:40.000Z</created>
    <modified-by>Netanserver01@SPOTFIRE</modified-by>
    <modified>2015-08-24T10:23:25.000Z</modified>
    <accessed>2015-08-28T08:10:50.000Z</accessed>
    <properties>
        <property>
            <name>column</name>
            <value>HIERARCHY_3</value>
        </property>
        <property>
            <name>table</name>
            <value>DIM_E_LTE_HIER321</value>
        </property>
        <property>
            <name>datatype</name>
            <value>string</value>
        </property>
    </properties>
    <keywords/>
    <dependencies>
        <dependency>
            <requiredid>3c54e453-4ce3-4438-84d6-36d69639631d</requiredid>
            <description>Data source required by this column</description>
            <cascading-delete>false</cascading-delete>
        </dependency>
    </dependencies>
    <hidden>false</hidden>
</library-item>
<library-item>
    <id>71e9cd41-3a0b-48e2-bc1e-91d9de4770bf</id>
    <title>HIER3_ID</title>
    <item-type>
        <label>column</label>
        <label-prefix>spotfire</label-prefix>
        <is-container>false</is-container>
    </item-type>
    <created-by>Netanserver01@SPOTFIRE</created-by>
    <created>2015-06-19T09:21:40.000Z</created>
    <modified-by>Netanserver01@SPOTFIRE</modified-by>
    <modified>2015-08-24T10:23:25.000Z</modified>
    <accessed>2015-08-28T08:10:50.000Z</accessed>
    <properties>
        <property>
            <name>column</name>
            <value>HIER3_ID</value>
        </property>
        <property>
            <name>table</name>
            <value>DIM_E_LTE_HIER321</value>
        </property>
        <property>
            <name>datatype</name>
            <value>longinteger</value>
        </property>
    </properties>
    <keywords/>
    <dependencies>
        <dependency>
            <requiredid>3c54e453-4ce3-4438-84d6-36d69639631d</requiredid>
            <description>Data source required by this column</description>
            <cascading-delete>false</cascading-delete>
        </dependency>
    </dependencies>
    <hidden>false</hidden>
</library-item>
<library-item>
    <id>76b371d2-ea63-4d43-8e94-fd375a1b7aa8</id>
    <title>HIERARCHY_1</title>
    <item-type>
        <label>column</label>
        <label-prefix>spotfire</label-prefix>
        <is-container>false</is-container>
    </item-type>
    <created-by>Netanserver01@SPOTFIRE</created-by>
    <created>2015-06-18T13:18:40.000Z</created>
    <modified-by>Netanserver01@SPOTFIRE</modified-by>
    <modified>2015-08-24T10:23:25.000Z</modified>
    <accessed>2015-08-28T08:10:50.000Z</accessed>
    <properties>
        <property>
            <name>column</name>
            <value>HIERARCHY_1</value>
        </property>
        <property>
            <name>table</name>
            <value>DIM_E_LTE_HIER321</value>
        </property>
        <property>
            <name>datatype</name>
            <value>string</value>
        </property>
    </properties>
    <keywords/>
    <dependencies>
        <dependency>
            <requiredid>3c54e453-4ce3-4438-84d6-36d69639631d</requiredid>
            <description>Data source required by this column</description>
            <cascading-delete>false</cascading-delete>
        </dependency>
    </dependencies>
    <hidden>false</hidden>
</library-item>
<library-item>
    <id>7e9829fc-3615-4568-bac6-f3bacd0fae9e</id>
    <title>TRAC</title>
    <item-type>
        <label>column</label>
        <label-prefix>spotfire</label-prefix>
        <is-container>false</is-container>
    </item-type>
    <created-by>Netanserver01@SPOTFIRE</created-by>
    <created>2015-06-18T13:18:41.000Z</created>
    <modified-by>Netanserver01@SPOTFIRE</modified-by>
    <modified>2015-08-24T10:23:25.000Z</modified>
    <accessed>2015-08-28T08:10:50.000Z</accessed>
    <properties>
        <property>
            <name>column</name>
            <value>TRAC</value>
        </property>
        <property>
            <name>table</name>
            <value>DIM_E_LTE_HIER321</value>
        </property>
        <property>
            <name>datatype</name>
            <value>longinteger</value>
        </property>
    </properties>
    <keywords/>
    <dependencies>
        <dependency>
            <requiredid>3c54e453-4ce3-4438-84d6-36d69639631d</requiredid>
            <description>Data source required by this column</description>
            <cascading-delete>false</cascading-delete>
        </dependency>
    </dependencies>
    <hidden>false</hidden>
</library-item>
<library-item>
    <id>8f0e334e-4535-4230-8020-84886502f018</id>
    <title>HIER321_ID</title>
    <item-type>
        <label>column</label>
        <label-prefix>spotfire</label-prefix>
        <is-container>false</is-container>
    </item-type>
    <created-by>Netanserver01@SPOTFIRE</created-by>
    <created>2015-06-18T13:18:41.000Z</created>
    <modified-by>Netanserver01@SPOTFIRE</modified-by>
    <modified>2015-08-24T10:23:25.000Z</modified>
    <accessed>2015-08-28T08:10:50.000Z</accessed>
    <properties>
        <property>
            <name>column</name>
            <value>HIER321_ID</value>
        </property>
        <property>
            <name>table</name>
            <value>DIM_E_LTE_HIER321</value>
        </property>
        <property>
            <name>datatype</name>
            <value>longinteger</value>
        </property>
    </properties>
    <keywords/>
    <dependencies>
        <dependency>
            <requiredid>3c54e453-4ce3-4438-84d6-36d69639631d</requiredid>
            <description>Data source required by this column</description>
            <cascading-delete>false</cascading-delete>
        </dependency>
    </dependencies>
    <hidden>false</hidden>
</library-item>
                            </children>
                            <hidden>false</hidden>
                        </library-item>
                        <library-item>
                            <id>c3f87e12-3f84-410c-99d4-aaabbae94e39</id>
                            <title>DIM_E_LTE_QCI</title>
                            <item-type>
<label>folder</label>
<label-prefix>spotfire</label-prefix>
<is-container>true</is-container>
                            </item-type>
                            <created-by>Netanserver01@SPOTFIRE</created-by>
                            <created>2015-06-18T15:53:58.000Z</created>
                            <modified-by>Netanserver01@SPOTFIRE</modified-by>
                            <modified>2015-08-24T10:23:25.000Z</modified>
                            <accessed>2015-06-30T14:27:04.000Z</accessed>
                            <properties/>
                            <keywords/>
                            <children>
<library-item>
    <id>2442cae5-4bab-4d1d-a2a9-ca8840d43d2a</id>
    <title>QCI_ID_DESCRIPTION</title>
    <item-type>
        <label>column</label>
        <label-prefix>spotfire</label-prefix>
        <is-container>false</is-container>
    </item-type>
    <created-by>Netanserver01@SPOTFIRE</created-by>
    <created>2015-06-18T15:54:03.000Z</created>
    <modified-by>Netanserver01@SPOTFIRE</modified-by>
    <modified>2015-08-24T10:23:25.000Z</modified>
    <accessed>2015-08-28T08:10:59.000Z</accessed>
    <properties>
        <property>
            <name>column</name>
            <value>QCI_ID_DESCRIPTION</value>
        </property>
        <property>
            <name>table</name>
            <value>DIM_E_LTE_QCI</value>
        </property>
        <property>
            <name>datatype</name>
            <value>string</value>
        </property>
    </properties>
    <keywords/>
    <dependencies>
        <dependency>
            <requiredid>3c54e453-4ce3-4438-84d6-36d69639631d</requiredid>
            <description>Data source required by this column</description>
            <cascading-delete>false</cascading-delete>
        </dependency>
    </dependencies>
    <hidden>false</hidden>
</library-item>
<library-item>
    <id>9cba320f-a1c3-41ed-b295-05611a923e49</id>
    <title>QCI_NUMBER</title>
    <item-type>
        <label>column</label>
        <label-prefix>spotfire</label-prefix>
        <is-container>false</is-container>
    </item-type>
    <created-by>Netanserver01@SPOTFIRE</created-by>
    <created>2015-06-18T15:54:03.000Z</created>
    <modified-by>Netanserver01@SPOTFIRE</modified-by>
    <modified>2015-08-24T10:23:25.000Z</modified>
    <accessed>2015-08-28T08:10:59.000Z</accessed>
    <properties>
        <property>
            <name>column</name>
            <value>QCI_NUMBER</value>
        </property>
        <property>
            <name>table</name>
            <value>DIM_E_LTE_QCI</value>
        </property>
        <property>
            <name>datatype</name>
            <value>integer</value>
        </property>
    </properties>
    <keywords/>
    <dependencies>
        <dependency>
            <requiredid>3c54e453-4ce3-4438-84d6-36d69639631d</requiredid>
            <description>Data source required by this column</description>
            <cascading-delete>false</cascading-delete>
        </dependency>
    </dependencies>
    <hidden>false</hidden>
</library-item>
                            </children>
                            <hidden>false</hidden>
                        </library-item>
                        <library-item>
                            <id>cef179a5-ba9c-46ef-8361-3d9442af8de1</id>
                            <title>EVENT_E_LTE_CFA_ARRAY_ERAB_HIER321_EVENTID_QCI_ERR</title>
                            <item-type>
<label>folder</label>
<label-prefix>spotfire</label-prefix>
<is-container>true</is-container>
                            </item-type>
                            <created-by>Netanserver01@SPOTFIRE</created-by>
                            <created>2015-06-18T15:51:07.000Z</created>
                            <modified-by>Netanserver01@SPOTFIRE</modified-by>
                            <modified>2015-08-24T10:23:26.000Z</modified>
                            <accessed>2015-06-30T14:27:04.000Z</accessed>
                            <properties/>
                            <keywords/>
                            <children>
<library-item>
    <id>1d0dfd00-0356-4f06-bbcf-4665f9c3e968</id>
    <title>HIER321_ID</title>
    <item-type>
        <label>column</label>
        <label-prefix>spotfire</label-prefix>
        <is-container>false</is-container>
    </item-type>
    <created-by>Netanserver01@SPOTFIRE</created-by>
    <created>2015-06-18T15:51:10.000Z</created>
    <modified-by>Netanserver01@SPOTFIRE</modified-by>
    <modified>2015-08-24T10:23:25.000Z</modified>
    <accessed>2015-08-28T08:10:55.000Z</accessed>
    <properties>
        <property>
            <name>column</name>
            <value>HIER321_ID</value>
        </property>
        <property>
            <name>table</name>
            <value>EVENT_E_LTE_CFA_ARRAY_ERAB_HIER321_EVENTID_QCI_ERR_15MIN</value>
        </property>
        <property>
            <name>datatype</name>
            <value>longinteger</value>
        </property>
    </properties>
    <keywords/>
    <dependencies>
        <dependency>
            <requiredid>3c54e453-4ce3-4438-84d6-36d69639631d</requiredid>
            <description>Data source required by this column</description>
            <cascading-delete>false</cascading-delete>
        </dependency>
    </dependencies>
    <hidden>false</hidden>
</library-item>
<library-item>
    <id>54e0f635-c97f-4db4-9c59-fdbc7ca95d89</id>
    <title>EVENT_ID</title>
    <item-type>
        <label>column</label>
        <label-prefix>spotfire</label-prefix>
        <is-container>false</is-container>
    </item-type>
    <created-by>Netanserver01@SPOTFIRE</created-by>
    <created>2015-06-18T15:51:10.000Z</created>
    <modified-by>Netanserver01@SPOTFIRE</modified-by>
    <modified>2015-08-24T10:23:25.000Z</modified>
    <accessed>2015-08-28T08:10:55.000Z</accessed>
    <properties>
        <property>
            <name>column</name>
            <value>EVENT_ID</value>
        </property>
        <property>
            <name>table</name>
            <value>EVENT_E_LTE_CFA_ARRAY_ERAB_HIER321_EVENTID_QCI_ERR_15MIN</value>
        </property>
        <property>
            <name>datatype</name>
            <value>integer</value>
        </property>
    </properties>
    <keywords/>
    <dependencies>
        <dependency>
            <requiredid>3c54e453-4ce3-4438-84d6-36d69639631d</requiredid>
            <description>Data source required by this column</description>
            <cascading-delete>false</cascading-delete>
        </dependency>
    </dependencies>
    <hidden>false</hidden>
</library-item>
<library-item>
    <id>7733a409-3342-4bb8-b904-f678bf0c2f49</id>
    <title>QCI_ID</title>
    <item-type>
        <label>column</label>
        <label-prefix>spotfire</label-prefix>
        <is-container>false</is-container>
    </item-type>
    <created-by>Netanserver01@SPOTFIRE</created-by>
    <created>2015-06-18T15:51:10.000Z</created>
    <modified-by>Netanserver01@SPOTFIRE</modified-by>
    <modified>2015-08-24T10:23:25.000Z</modified>
    <accessed>2015-08-28T08:10:55.000Z</accessed>
    <properties>
        <property>
            <name>column</name>
            <value>QCI_ID</value>
        </property>
        <property>
            <name>table</name>
            <value>EVENT_E_LTE_CFA_ARRAY_ERAB_HIER321_EVENTID_QCI_ERR_15MIN</value>
        </property>
        <property>
            <name>datatype</name>
            <value>integer</value>
        </property>
    </properties>
    <keywords/>
    <dependencies>
        <dependency>
            <requiredid>3c54e453-4ce3-4438-84d6-36d69639631d</requiredid>
            <description>Data source required by this column</description>
            <cascading-delete>false</cascading-delete>
        </dependency>
    </dependencies>
    <hidden>false</hidden>
</library-item>
<library-item>
    <id>b52287ac-1db1-409e-a245-f65866118052</id>
    <title>DATETIME_ID</title>
    <item-type>
        <label>column</label>
        <label-prefix>spotfire</label-prefix>
        <is-container>false</is-container>
    </item-type>
    <created-by>Netanserver01@SPOTFIRE</created-by>
    <created>2015-06-18T15:51:10.000Z</created>
    <modified-by>Netanserver01@SPOTFIRE</modified-by>
    <modified>2015-08-24T10:23:25.000Z</modified>
    <accessed>2015-08-28T08:10:55.000Z</accessed>
    <properties>
        <property>
            <name>column</name>
            <value>DATETIME_ID</value>
        </property>
        <property>
            <name>table</name>
            <value>EVENT_E_LTE_CFA_ARRAY_ERAB_HIER321_EVENTID_QCI_ERR_15MIN</value>
        </property>
        <property>
            <name>datatype</name>
            <value>datetime</value>
        </property>
    </properties>
    <keywords/>
    <dependencies>
        <dependency>
            <requiredid>3c54e453-4ce3-4438-84d6-36d69639631d</requiredid>
            <description>Data source required by this column</description>
            <cascading-delete>false</cascading-delete>
        </dependency>
    </dependencies>
    <hidden>false</hidden>
</library-item>
<library-item>
    <id>f5398e60-b575-46c6-bc99-b22771a69b5d</id>
    <title>NO_OF_ERRORS</title>
    <item-type>
        <label>column</label>
        <label-prefix>spotfire</label-prefix>
        <is-container>false</is-container>
    </item-type>
    <created-by>Netanserver01@SPOTFIRE</created-by>
    <created>2015-06-18T15:51:10.000Z</created>
    <modified-by>Netanserver01@SPOTFIRE</modified-by>
    <modified>2015-08-24T10:23:26.000Z</modified>
    <accessed>2015-08-28T08:10:55.000Z</accessed>
    <properties>
        <property>
            <name>column</name>
            <value>NO_OF_ERRORS</value>
        </property>
        <property>
            <name>table</name>
            <value>EVENT_E_LTE_CFA_ARRAY_ERAB_HIER321_EVENTID_QCI_ERR_15MIN</value>
        </property>
        <property>
            <name>datatype</name>
            <value>longinteger</value>
        </property>
    </properties>
    <keywords/>
    <dependencies>
        <dependency>
            <requiredid>3c54e453-4ce3-4438-84d6-36d69639631d</requiredid>
            <description>Data source required by this column</description>
            <cascading-delete>false</cascading-delete>
        </dependency>
    </dependencies>
    <hidden>false</hidden>
</library-item>
                            </children>
                            <hidden>false</hidden>
                        </library-item>
                    </children>
                    <hidden>false</hidden>
                </library-item>
                <library-item>
                    <id>890a8944-0415-4096-b6d9-d115ec21fdc8</id>
                    <title>Information Link</title>
                    <item-type>
                        <label>folder</label>
                        <label-prefix>spotfire</label-prefix>
                        <is-container>true</is-container>
                    </item-type>
                    <created-by>Netanserver01@SPOTFIRE</created-by>
                    <created>2015-06-18T12:54:14.000Z</created>
                    <modified-by>Netanserver01@SPOTFIRE</modified-by>
                    <modified>2015-08-24T10:23:26.000Z</modified>
                    <accessed>2015-06-30T14:27:04.000Z</accessed>
                    <properties/>
                    <keywords/>
                    <children>
                        <library-item>
                            <id>0649f43f-87ad-4924-bfcb-aa9f33e967f1</id>
                            <title>IL_EVENT_E_LTE_CFA_ARRAY_ERAB_HIER321_EVENTID_QCI_ERR</title>
                            <item-type>
<label>query</label>
<label-prefix>spotfire</label-prefix>
<is-container>false</is-container>
                            </item-type>
                            <created-by>Netanserver01@SPOTFIRE</created-by>
                            <created>2015-06-18T16:23:45.000Z</created>
                            <modified-by>Netanserver01@SPOTFIRE</modified-by>
                            <modified>2015-08-24T10:23:26.000Z</modified>
                            <accessed>2015-08-28T08:10:55.000Z</accessed>
                            <properties/>
                            <keywords/>
                            <dependencies>
<dependency>
    <requiredid>b52287ac-1db1-409e-a245-f65866118052</requiredid>
    <description>Column required by this query</description>
    <cascading-delete>false</cascading-delete>
</dependency>
<dependency>
    <requiredid>1d0dfd00-0356-4f06-bbcf-4665f9c3e968</requiredid>
    <description>Column required by this query</description>
    <cascading-delete>false</cascading-delete>
</dependency>
<dependency>
    <requiredid>f5398e60-b575-46c6-bc99-b22771a69b5d</requiredid>
    <description>Column required by this query</description>
    <cascading-delete>false</cascading-delete>
</dependency>
<dependency>
    <requiredid>54e0f635-c97f-4db4-9c59-fdbc7ca95d89</requiredid>
    <description>Column required by this query</description>
    <cascading-delete>false</cascading-delete>
</dependency>
<dependency>
    <requiredid>7733a409-3342-4bb8-b904-f678bf0c2f49</requiredid>
    <description>Column required by this query</description>
    <cascading-delete>false</cascading-delete>
</dependency>
                            </dependencies>
                            <hidden>false</hidden>
                        </library-item>
                        <library-item>
                            <id>1c697600-1dee-413e-b721-365b6c3282cb</id>
                            <title>IL_DIM_E_LTE_CFA_CAUSE_CODE</title>
                            <item-type>
<label>query</label>
<label-prefix>spotfire</label-prefix>
<is-container>false</is-container>
                            </item-type>
                            <created-by>Netanserver01@SPOTFIRE</created-by>
                            <created>2015-06-18T16:08:33.000Z</created>
                            <modified-by>Netanserver01@SPOTFIRE</modified-by>
                            <modified>2015-08-24T10:23:26.000Z</modified>
                            <accessed>2015-08-28T08:10:54.000Z</accessed>
                            <properties/>
                            <keywords/>
                            <dependencies>
<dependency>
    <requiredid>6404cb54-38f3-470d-b2a2-7a9ffd7a1eff</requiredid>
    <description>Column required by this query</description>
    <cascading-delete>false</cascading-delete>
</dependency>
<dependency>
    <requiredid>a62e304a-3d22-40dc-84b6-7c9079f4f596</requiredid>
    <description>Column required by this query</description>
    <cascading-delete>false</cascading-delete>
</dependency>
<dependency>
    <requiredid>c4e4677c-a1a8-470c-9661-f138235c90fe</requiredid>
    <description>Column required by this query</description>
    <cascading-delete>false</cascading-delete>
</dependency>
<dependency>
    <requiredid>2bafedb2-a8bf-4f5b-918f-8c44b6f99966</requiredid>
    <description>Column required by this query</description>
    <cascading-delete>false</cascading-delete>
</dependency>
                            </dependencies>
                            <hidden>false</hidden>
                        </library-item>
                        <library-item>
                            <id>206975a1-7bba-44d1-8317-192c4228da17</id>
                            <title>IL_DIM_E_LTE_QCI</title>
                            <item-type>
<label>query</label>
<label-prefix>spotfire</label-prefix>
<is-container>false</is-container>
                            </item-type>
                            <created-by>Netanserver01@SPOTFIRE</created-by>
                            <created>2015-06-18T16:23:09.000Z</created>
                            <modified-by>Netanserver01@SPOTFIRE</modified-by>
                            <modified>2015-08-24T10:23:26.000Z</modified>
                            <accessed>2015-08-28T08:10:59.000Z</accessed>
                            <properties/>
                            <keywords/>
                            <dependencies>
<dependency>
    <requiredid>9cba320f-a1c3-41ed-b295-05611a923e49</requiredid>
    <description>Column required by this query</description>
    <cascading-delete>false</cascading-delete>
</dependency>
<dependency>
    <requiredid>2442cae5-4bab-4d1d-a2a9-ca8840d43d2a</requiredid>
    <description>Column required by this query</description>
    <cascading-delete>false</cascading-delete>
</dependency>
                            </dependencies>
                            <hidden>false</hidden>
                        </library-item>
                        <library-item>
                            <id>59380257-03c3-45bb-b4cc-5d32f47ba0bc</id>
                            <title>IL_DIM_E_LTE_HIER321</title>
                            <item-type>
<label>query</label>
<label-prefix>spotfire</label-prefix>
<is-container>false</is-container>
                            </item-type>
                            <created-by>Netanserver01@SPOTFIRE</created-by>
                            <created>2015-06-18T16:22:40.000Z</created>
                            <modified-by>Netanserver01@SPOTFIRE</modified-by>
                            <modified>2015-08-24T10:23:26.000Z</modified>
                            <accessed>2015-08-28T08:10:50.000Z</accessed>
                            <properties/>
                            <keywords/>
                            <dependencies>
<dependency>
    <requiredid>76b371d2-ea63-4d43-8e94-fd375a1b7aa8</requiredid>
    <description>Column required by this query</description>
    <cascading-delete>false</cascading-delete>
</dependency>
<dependency>
    <requiredid>7e9829fc-3615-4568-bac6-f3bacd0fae9e</requiredid>
    <description>Column required by this query</description>
    <cascading-delete>false</cascading-delete>
</dependency>
<dependency>
    <requiredid>0ce6badd-c090-42ed-b5ea-de090711f2ff</requiredid>
    <description>Column required by this query</description>
    <cascading-delete>false</cascading-delete>
</dependency>
<dependency>
    <requiredid>8f0e334e-4535-4230-8020-84886502f018</requiredid>
    <description>Column required by this query</description>
    <cascading-delete>false</cascading-delete>
</dependency>
<dependency>
    <requiredid>71e9cd41-3a0b-48e2-bc1e-91d9de4770bf</requiredid>
    <description>Column required by this query</description>
    <cascading-delete>false</cascading-delete>
</dependency>
                            </dependencies>
                            <hidden>false</hidden>
                        </library-item>
                        <library-item>
                            <id>7851456c-4f1d-41d7-b24c-9f710d696fcf</id>
                            <title>IL_EVENT_E_LTE_CFA_HIER3_CC_ERR</title>
                            <item-type>
<label>query</label>
<label-prefix>spotfire</label-prefix>
<is-container>false</is-container>
                            </item-type>
                            <created-by>Netanserver01@SPOTFIRE</created-by>
                            <created>2015-06-18T16:24:11.000Z</created>
                            <modified-by>Netanserver01@SPOTFIRE</modified-by>
                            <modified>2015-08-24T10:23:26.000Z</modified>
                            <accessed>2015-08-28T08:09:53.000Z</accessed>
                            <properties/>
                            <keywords/>
                            <dependencies>
<dependency>
    <requiredid>c6681544-b252-4762-92c2-db45b38ae91f</requiredid>
    <description>Column required by this query</description>
    <cascading-delete>false</cascading-delete>
</dependency>
<dependency>
    <requiredid>9510422b-f507-46b4-8e9e-7a8ff7af9e75</requiredid>
    <description>Column required by this query</description>
    <cascading-delete>false</cascading-delete>
</dependency>
<dependency>
    <requiredid>a37f43f1-7dee-46c0-b790-bfa287144601</requiredid>
    <description>Column required by this query</description>
    <cascading-delete>false</cascading-delete>
</dependency>
<dependency>
    <requiredid>311ee529-bf0a-4635-8ec7-a517273e1ddd</requiredid>
    <description>Column required by this query</description>
    <cascading-delete>false</cascading-delete>
</dependency>
<dependency>
    <requiredid>541528e1-4251-4000-9fa2-e9b488d590d6</requiredid>
    <description>Column required by this query</description>
    <cascading-delete>false</cascading-delete>
</dependency>
                            </dependencies>
                            <hidden>false</hidden>
                        </library-item>
                        <library-item>
                            <id>90e986fa-896c-4ca9-8523-0497ffeffe3e</id>
                            <title>IL_EVENT_E_LTE_CFA_HIER321_EVENTID_ERR</title>
                            <item-type>
<label>query</label>
<label-prefix>spotfire</label-prefix>
<is-container>false</is-container>
                            </item-type>
                            <created-by>Netanserver01@SPOTFIRE</created-by>
                            <created>2015-06-18T16:24:42.000Z</created>
                            <modified-by>Netanserver01@SPOTFIRE</modified-by>
                            <modified>2015-08-24T10:23:26.000Z</modified>
                            <accessed>2015-08-28T08:05:49.000Z</accessed>
                            <properties/>
                            <keywords/>
                            <dependencies>
<dependency>
    <requiredid>298035dd-6128-49de-9e4b-a4bf984102d8</requiredid>
    <description>Column required by this query</description>
    <cascading-delete>false</cascading-delete>
</dependency>
<dependency>
    <requiredid>ad9e9636-7a2e-40b5-83a2-b57fee5523e6</requiredid>
    <description>Column required by this query</description>
    <cascading-delete>false</cascading-delete>
</dependency>
<dependency>
    <requiredid>66f52129-91e7-4a28-9a41-5887591804a9</requiredid>
    <description>Column required by this query</description>
    <cascading-delete>false</cascading-delete>
</dependency>
<dependency>
    <requiredid>d6694575-33fa-4ac8-8695-e1d112b59a18</requiredid>
    <description>Column required by this query</description>
    <cascading-delete>false</cascading-delete>
</dependency>
                            </dependencies>
                            <hidden>false</hidden>
                        </library-item>
                        <library-item>
                            <id>f6687401-734c-4676-9ba7-b249f5ef6b4d</id>
                            <title>IL_DIM_E_LTE_CFA_EVENTTYPE</title>
                            <item-type>
<label>query</label>
<label-prefix>spotfire</label-prefix>
<is-container>false</is-container>
                            </item-type>
                            <created-by>Netanserver01@SPOTFIRE</created-by>
                            <created>2015-06-18T16:21:31.000Z</created>
                            <modified-by>Netanserver01@SPOTFIRE</modified-by>
                            <modified>2015-08-24T10:23:26.000Z</modified>
                            <accessed>2015-08-28T08:10:48.000Z</accessed>
                            <properties/>
                            <keywords/>
                            <dependencies>
<dependency>
    <requiredid>c1ead0ce-f2c2-406e-9ff5-5ac71cfec7ad</requiredid>
    <description>Column required by this query</description>
    <cascading-delete>false</cascading-delete>
</dependency>
<dependency>
    <requiredid>efffef0c-94f2-4b81-bddd-863282c05f96</requiredid>
    <description>Column required by this query</description>
    <cascading-delete>false</cascading-delete>
</dependency>
<dependency>
    <requiredid>6c0c6b3f-862a-42a4-8c76-7d596c34a883</requiredid>
    <description>Column required by this query</description>
    <cascading-delete>false</cascading-delete>
</dependency>
                            </dependencies>
                            <hidden>false</hidden>
                        </library-item>
                    </children>
                    <hidden>false</hidden>
                </library-item>
            </children>
            <acl>
                <permission>
                    <principal>
                        <type>group</type>
                        <name>Consumer@SPOTFIRE</name>
                    </principal>
                    <permission-type>EXECUTE</permission-type>
                </permission>
                <permission>
                    <principal>
                        <type>group</type>
                        <name>Administrator@SPOTFIRE</name>
                    </principal>
                    <permission-type>READ</permission-type>
                </permission>
                <permission>
                    <principal>
                        <type>group</type>
                        <name>Administrator@SPOTFIRE</name>
                    </principal>
                    <permission-type>WRITE</permission-type>
                </permission>
                <permission>
                    <principal>
                        <type>group</type>
                        <name>Administrator@SPOTFIRE</name>
                    </principal>
                    <permission-type>OWNER</permission-type>
                </permission>
                <permission>
                    <principal>
                        <type>group</type>
                        <name>Administrator@SPOTFIRE</name>
                    </principal>
                    <permission-type>EXECUTE</permission-type>
                </permission>
            </acl>
            <hidden>false</hidden>
        </library-item>
    </children>
    <hidden>false</hidden>
</library-item>
